2730,51ststate@gmail.com
2916,abriggs@zestbistro.com
2513,alexherrgott@gmail.com
2485,at1985@gmail.com
2627,BarCharley@gmail.com
2324,bedrockbilliards@gmail.com
2952,bibianaevents@gmail.com
2378,bigbearcafe.events@gmail.com
2462,BLDC@blro.net
2489,bo@quadrastudio.us
2415,BP.WDC.20003@GMAIL.COM
2412,cafeberlindc@yahoo.com
2735,charmthai11@gmail.com
3049,colin@barracksrow.net
2777,comments@clydes.com
2411,info@bullfeathersdc.com
3080,dcnoodles@aol.com
3057,decarlosrestaurant@outlook.com
3230,emmy@akadis.com
3161,events@maddysrestaurantgroup.com
3001,events@nopadc.com
3040,facebook@shawstavern.com
3107,general@faintinggoatdc.com
2715,gmwashdc@ruthschris.com
2471,gtvrznctr@thegreeneturtle.com
2852,halftimedc@gmail.com
2327,nic@blaguarddc.com
2950,info@asianine.com
3028,info@dachadc.com
2850,INFO@GRANVILLEMOORES.COM
2340,himalayanheritagedc@gmail.com
2695,info@saltydogtavern.com
2902,info@sottodc.com
2939,info@surlaplace.com
2518,info@thecoupedc.com
3127,info@theredloungedc.com
2832,info@townhalldc.com
2477,irishchannelpub@gmail.com
2793,ithaidc@yahoo.com
2519,jackie@jackiesrestaurant.com
2510,jessie33@verizon.net
3022,joelcstillo@yahoo.com
2586,joesdccs@leye.com
2443,john@chefmod.com
3113,judysbr@gmail.com
3150,juniperrestaurant@fairmont.com
2845,khansbarandgrill@gmail.com
2598,kristen.jennings@sofitel.com
3169,kristen@opencitydc.com
2344,lenfantcafe@me.com
3145,leonchen@kydiaonline.com
2330,Mehariw1951@gmail.com
2818,mhall@commercelane.com
2997,montri@inserthero.com
2552,mukilteo@cafe-soleil.net
2668,obenchemsi@gmail.com
2497,Online form submitted
3242,Online form submitted
2611,Online form submitted
2642,patricia@darlingtonhousedc.com
3125,piolawashington@piola.it
2612,recessions96@yahoo.com
3135,reservations@tesororestaurant.com
2915,richard.jarrourj@gmail.com
2422,ricky.s@barracksrow.net
2337,rsvp@columbiastationdc.com
2614,ruralsocietydc@garcesgroup.com
2903,sale@teakwooddc.com
2685,sarah@kramers.com
3246,sarakalivas09@gmail.com
2450,scwtech@gmail.com
3238,shewamta@yahoo.com
3128,sollysbooking@gmail.com
3129,sudhousedc@gmail.com
2704,sushi@sushitaro.com
2372,t7.perfectstuff@gmail.com
3131,TAQUERIANACIONAL@VERIZON.NET
2724,thaichefsushibar@gmail.com
2719,tkindness@hotmail.com
2877,toscanacafedc@gmail.com
2404,Tricia@proximapr.com
3253,waingram@verizon.net
2535,zebabarandgrill@yahoo.com
