2916,Agua 301,http://www.agua301.com,Waterfront,http://www.agua301.com/hours
3253,Dupont Italian Kitchen,http://www.dupontitaliankitchen.com/bar/,Dupont Circle,http://www.dupontitaliankitchen.com/bar/
2850,Granville Moore's,http://www.granvillemoores.com,H Street,http://www.granvillemoores.com/beer-menu/
3226,Prequel,https://www.prequeldc.com/4th-floor-wine-bar/about,Downtown,https://www.prequeldc.com/4th-floor-wine-bar/about#sthash.JbXUMDDJ.dpbs
2972,Cure Bar & Bistro,http://www.curebarandbistro.com,Downtown,http://curebarandbistro.com/foodandbeverage/
2568,Daily Grill,http://www.dailygrill.com/,Dupont Circle,http://www.dailygrill.com/about-us/
3078,Cafe Saint-Ex,http://www.saint-ex.com,U Street,http://www.saint-ex.com/menus/
2917,The Bachelor's Mill,http://www.thebachelorsmill.com?,Waterfront,http://www.bachelorsmill.com/weekly-events/
2919,The Big Stick,http://www.thebigstick.com,Waterfront,http://thebigstick.com/drinks/
3126,Policy Restaurant & Lounge,http://www.policydc.com,U Street,http://www.policydc.com/happy-hour/
2767,Bodega,http://www.bodegadc.com,Georgetown,http://images.unoapp.com/boxdata/asset29635/images/Happy_Hour.pdf
2347,Las Canteras,http://www.lascanterasdc.com,Adams Morgan,http://www.lascanterasdc.com/menu1.html
3110,The Prospect,http://www.theprospectdc.com,U Street,http://theprospectdc.com/food-drinks/daily-specials/
2777,Clyde's,http://www.facebook.com/clydesrestaurantgroup,Georgetown,http://www.clydes.com/georgetown#Events
2356,Johnny Pistolas,http://www.johnnypistolas.com/,Adams Morgan,http://www.johnnypistolas.com/friday-family-happy-hour/
2400,Steel Plate,http://www.steelplatedc.com,East DC,http://www.steelplatedc.com/sites/default/files/HH%20menus.pdf
2694,Rosemary's Thyme Bistro,http://www.rosemarysthyme.com,Dupont Circle,http://www.rosemarysthyme.com/DC/menus/hhour.pdf
3006,Penn Quarter Sports Tavern,http://www.pennquartersportstavern.com/,Downtown,http://www.pennquartersportstavern.com/1004/Page.aspx
3026,Bistro Bohem,http://www.bistrobohem.com,Shaw,http://www.bistrobohem.com/wp-content/uploads/2016/01/Happy-Hour-Specials-01_12_2016.pdf
2499,Atomic Billiards,http://www.atomicbilliards.com,Friendship Heights,http://www.atomicbilliards.com/specials.php
2478,Jackpot,http://www.jackpotdc.com,Downtown,http://jackpotdc.com/beer-list/
3162,New Heights Restaurant,http://www.newheightsrestaurant.com,Friendship Heights,http://www.newheightsrestaurant.com/home/
2718,Sette Osteria,http://www.setteosteria-hub.com,Dupont Circle,http://nebula.wsimg.com/005619c58d2b89912ce55f699195e9f8?AccessKeyId=C21AE842AD3A17AA14AE&disposition=0&alloworigin=1
3155,Ris,http://www.risdc.com,Foggy Bottom,http://www.risdc.com/index.php/site/menu/rush_hour
2518,The Coupe,http://www.thecoupedc.com,Columbia Heights,http://www.thecoupedc.com/menu/happy-hour/
2510,Spices,http://www.spicesdc.com/,Friendship Heights,https://www.spicesdc.com/article.php?id=9
2362,Meze,http://www.mezedc.com,Adams Morgan,http://mezedc.com/menu/happy-hour-menu/
2415,Boxcar Tavern,http://www.boxcartaverndc.com/,Capitol Hill,http://www.boxcartaverndc.com/#aboutPage
3114,Local 16,http://www.localsixteen.com,U Street,http://www.localsixteen.com/Menu/happyhour.pdf
3173,Red Light,http://www.redlightbardc.com/,Logan Circle,http://www.redlightbardc.com/services/
2818,The Tombs,http://www.tombs.com,Georgetown,http://www.tombs.com/#!menu
3232,Mad Fox Taproom,http://www.madfoxbrewing.com,Friendship Heights,http://www.madfoxbrewing.com/drinks
2634,The Big Hunt,http://www.thebighunt.net,Dupont Circle,http://thebighunt.net/files/2013/09/The_Big_Hunt-Menu2013.pdf
2851,H Street Country Club,http://www.hstreetcountryclub.com,H Street,http://www.hstcountryclub.com/specials/
2816,Sequoia,http://www.arkrestaurants.com/sequoia_dc.html,Georgetown,http://arkrestaurants.com/sequoia/#news-events
2907,The Pig,http://www.thepigdc.com,Logan Circle,http://www.thepigdc.com/#locations
3175,Slate Wine Bar + Bistro,http://www.slatewinebar.com,Friendship Heights,http://slatewinebar.com/wp-content/uploads/Slate-HappyHour.pdf
2444,Tortilla Coast,http://www.tortillacoast.com,Capitol Hill,http://www.tortillacoast.com/pdf/TC_CH%20Happy%20Hour.pdf
2724,Thai Chef,http://www.thaichefsushibardc.com,Dupont Circle,http://www.thaichefsushibardc.com/Happy_Hour.html
2576,Fast Eddie's Sports & Billiards,http://www.fasteddies.com,Downtown,http://fasteddies.com/specials/
2725,Thomas Foolery,http://www.thomasfoolerydc.com/,Dupont Circle,http://thomasfoolerydc.com/fun/
3163,Lebanese Taverna,http://www.lebanesetaverna.com,Friendship Heights,http://www.lebanesetaverna.com/_media/happyhour.pdf
2374,Tryst,http://www.trystdc.com,Adams Morgan,http://www.trystdc.com/menu/specials/
2858,Ocopa,http://www.ocopa.kitchen,H Street,http://www.ocopa.kitchen/happy-hour.html
2497,Zengo,http://www.richardsandoval.com/zengodc/,Downtown,http://www.richardsandoval.com/zengodc/uploads/menus/zengodc-happy-hour.pdf
2819,Tony & Joe's Seafood Place,http://www.tonyandjoes.com,Georgetown,http://www.tonyandjoes.com/
2492,Ping Pong Dim Sum,http://www.pingpongdimsum.us/,Downtown,http://www.pingpongdimsum.us/#whats-on
2365,Perry's Restaurant,http://www.perrysadamsmorgan.com,Adams Morgan,http://perrysam.com/wp-content/uploads/2009/05/happy-hour-08.06.16.pdf
2797,Peacock Cafe,http://www.peacockcafe.com,Georgetown,https://www.peacockcafe.com/specialeventmenu.html
2627,Bar Charley,http://www.barcharley.com/,Dupont Circle,http://www.barcharley.com/cocktails.html
2716,Sauf Haus Bier Hall & Garden,http://www.saufhausdc.com,Dupont Circle,http://saufhausdc.com/menus/
2862,The Star and Shamrock,http://www.starandshamrock.com,H Street,http://starandshamrock.com/menu.html
3074,Bin 1301,http://www.bin1301dc.com,U Street,http://www.bin1301dc.com/app/download/10516074/Happy+Hour.pdf
2927,Willie's Brew & Que,http://www.williesbrewnque.com,Downtown,http://www.williesbrewnque.com/menu/
3136,Bar Deco,http://www.bardecodc.com,Downtown,http://www.bardecodc.com/#menus/happy-hour
3051,The Ugly Mug,http://www.uglymugdc.com,Capitol Hill,http://www.uglymugdc.com/wp-content/uploads/2016/02/UglyMug-Drinks-2016.pdf
3117,Marvin,http://www.marvindc.com,U Street,http://www.marvindc.com/faq/
2623,Alero Restaurant,http://www.alerorestaurant.com,U Street,http://www.alerorestaurant.com/read-me-1/
2831,Sprig & Sprout,http://www.sprig-and-sprout.com,Friendship Heights,http://www.sprig-and-sprout.com/wp-content/uploads/2015/12/Bar-Beverage-Menu-for-Web.pdf
2754,The Cheesecake Factory,http://www.thecheesecakefactory.com,North DC,http://www.thecheesecakefactory.com/media/menus/Happy-Hour/Happy_Hour_V1_STAN_8.16.pdf
2712,Public Bar Dupont,http://www.publicbar.co,Dupont Circle,http://www.publicbar.co/menu/happy-hour/
2675,Grillfish,http://www.grillfishdc.com,Dupont Circle,http://grillfishdc.com/menu/
2704,Sushi Taro,http://www.sushitaro.com,Dupont Circle,http://www.sushitaro.com/info.html
2747,Jardenea,http://www.melrosehoteldc.com/washington-dc-restaurants.aspx,Foggy Bottom,http://www.melrosehoteldc.com/dining
2967,Cedar,http://www.cedardc.com,Downtown,http://www.cedardc.com/happy-hour.html
2892,Commissary,http://www.commissarydc.com,Logan Circle,http://commissarydc.com/menu/
2437,Mr. Henry's Restaurant,http://www.mrhenrysdc.com,Capitol Hill,http://www.mrhenrysdc.com/happy-hour
3131,Taqueria Nacional,http://www.taquerianacional.co,U Street,http://taquerianacional.co/happy-hour/
3128,Solly's U Street Tavern,http://www.sollystavern.com,U Street,http://sollysbooking.wix.com/sollys#!happy-hour/c11rf
2466,Busboys and Poets,http://www.busboysandpoets.com,U Street,http://www.busboysandpoets.com/menu/bar
2355,Jack Rose Dining Saloon,http://www.jackrosediningsaloon.com,Adams Morgan,http://jackrosediningsaloon.com/menus/bar-menu-saloon/
2338,Habana Room,http://www.habanavillage.com/,Adams Morgan,http://www.habanavillage.com/?wprmm-routing=export&menu_id=6
2692,I Ricchi,http://iricchidc.com/,Dupont Circle,http://iricchidc.com/contact/
2477,Irish Channel Restaurant & Pub,http://irishchanneldc.com/,Downtown,http://irishchanneldc.com/daily-happy-hour/
3028,Dacha Beer Garden,http://www.dachadc.com,Shaw,http://dachadc.com/wp-content/uploads/2016/08/merged_document.pdf
2661,Level One,http://www.levelonedc.com,Dupont Circle,http://www.levelonedc.com/Pages/Menu.aspx?DeptID=26347
2577,Froggy Bottom Pub,http://www.froggybottompub.com,Foggy Bottom,http://www.froggybottompub.com/#!specials/c1c9t
3086,Chi-Cha Lounge,http://www.latinconcepts.com/chicha.php,Friendship Heights,http://www.chichaloungedc.com/happy-hour-menu
2717,Scion,http://www.scionrestaurant.com,Dupont Circle,http://www.scionrestaurant.com/media/docs/Happy-Hour-Menu-Scion-SS-2015.pdf
2695,Salty Dog Tavern,http://www.saltydogtavern.com,Dupont Circle,http://www.saltydogtavern.com/happy-hour/
2794,Orange Anchor,http://www.orangeanchordc.com,Georgetown,http://www.orangeanchordc.com/#hhours
3223,American Ice Company,http://www.amicodc.com,U Street,http://www.amicodc.com/menu/
2659,La Tomate,http://www.latomatebistro.com,Dupont Circle,http://www.latomatebistro.com/menus/bistro-2/
2707,Nage Bistro,http://www.nagerestaurant.com,Dupont Circle,http://www.nagedc.com/food-drink.html
3183,Shenanigan's Irish Pub,http://www.shenaniganspubdc.com/,Adams Morgan,http://www.shenaniganspubdc.com/specials-c66t
2442,Sonoma Restaurant and Wine Bar,http://www.sonomadc.com,Capitol Hill,https://media-cdn.getbento.com/accounts/e7ea421f00f8ce7bee14eeccfb233cb5/media/menus_files/VGBnDI5RgmzI6jTM21dR_italianhappyhour%205.pdf
2982,Mango Tree,http://www.mangotreedc.com,Downtown,http://www.mangotreedc.com/cocktails/
2614,Rural Society,http://www.ruralsocietyrestaurant.com,Downtown,http://dc.ruralsocietyrestaurant.com/m/menu-pdfs/DC_Rural_Happy_Hour.pdf
2631,Beacon Bar and Grill,http://www.bbgwdc.com,Dupont Circle,http://bbgwdc.com/happy-hour-bar-menu/
2352,Grill from Ipanema,http://www.thegrillfromipanema.com,Adams Morgan,http://thegrillfromipanema.com/-/wp-content/uploads/2012/04/Drinks.Memu_.The-Grill-From-Ipanema.pdf
3077,Ben's Next Door,http://www.bensnextdoor.com,U Street,http://www.bensnextdoor.com/happy-hour-specials
2786,ENO Wine Bar,http://www.enowinerooms.com/hotspots/georgetown-d.c,Georgetown,http://www.enowinerooms.com/hotspots/georgetown-d.c
2519,El Chucho Cocina Superior,http://www.elchuchodc.com/,Columbia Heights,http://www.elchuchodc.com/happyhour.html
2505,Cleveland Park Bar & Grill,http://www.cpbargrill.com,Friendship Heights,http://cpbargrill.com/specials-2/
2702,Maddy's Bar and Grille,http://www.maddysbarandgrille.com,Dupont Circle,http://maddysbarandgrille.com/events/
3069,1905 Restaurant,http://www.1905dc.com,Shaw,http://www.1905dc.com/what-we-do/
2886,B Too,http://www.btoo.com,Logan Circle,http://btoo.com/assets/uploads/menus/2016_03_23_new_bar_A2.pdf
2610,The Park at 14th,http://www.park14.com,Downtown,http://park14.com/restaurant/hh-clone
2475,Graffiato,http://www.graffiatodc.com,Downtown,http://graffiatodc.com/jersey-shore-happy-hour/
2666,The Front Page,http://www.dcfrontpage.com,Dupont Circle,http://www.frontpagedc.com/happy-hour/
3012,Toro Toro,http://www.richardsandoval.com/torotorodc/,Downtown,http://www.richardsandoval.com/torotorodc/uploads/menus/torotorodc-happy-hour.pdf
2354,The High Dive,http://www.highdivedc.com/,Adams Morgan,http://www.highdivedc.com/menus/
2431,Johnny's Half Shell,http://www.johnnyshalfshell.net,Downtown,http://johnnyshalfshell.net/menu/happy-hour-menu/
2663,Firefly,http://www.firefly-dc.com,Dupont Circle,http://www.firefly-dc.com/menus/food-drinks.htm
3215,A BAR + Kitchen,http://www.abardc.com,Foggy Bottom,http://www.abardc.com/dc-bar-drinks-and-happy-hour.aspx
2427,Matchbox Vintage Pizza Bistro,http://www.matchboxchinatown.com,Downtown,http://www.matchboxrestaurants.com/menu/happy-hour/
2557,Catch 15,http://www.catch15dc.com,Downtown,http://media.wix.com/ugd/568a9b_5aa7902fff7f47b98331322bad09ed68.pdf
2764,Bistrot Lepic & Wine Bar,http://www.bistrotlepic.com,Georgetown,http://www.bistrotlepic.com/index.php
2446,Union Pub,http://www.unionpubdc.com,Capitol Hill,http://unionpubdc.com/daily-specials/
3065,Tenley Bar & Grill,http://www.tenleybar.com,North DC,http://www.tenleybar.com/happy-hour---brunch.html
2999,MXDC Cocina Mexicana,http://www.mxdcrestaurant.com,Downtown,http://www.mxdcrestaurant.com/happy-hour-menu/
2465,Clyde's,http://www.clydes.com/gallery-place,Downtown,http://www.clydes.com/gallery-place
2638,Boqueria,http://www.boquerianyc.com,Dupont Circle,http://www.boquerianyc.com/boqueriadc/menu_happyhour.html
2713,Rebellion,http://www.rebelliondc.com/,Dupont Circle,http://rebelliondc.com/todays-specials/
2403,Ambar Balkan Cuisine,http://www.ambarrestaurant.com,Capitol Hill,http://www.ambarrestaurant.com/wp-content/uploads/2015/10/Happy-Hour-4.22.16.pdf-last.pdf
2815,Sea Catch Restaurant & Raw Bar,http://www.seacatchrestaurant.com,Georgetown,http://www.seacatchrestaurant.com/menus.aspx
2534,Thip Khao,http://www.thipkhao.com,Columbia Heights,http://www.thipkhao.com/happy-hour/
2925,Scarlet Oak,http://www.scarletoakdc.com,Waterfront,http://www.scarletoakdc.com/happy-hour-specials/
2460,Asian Spice,http://www.asianspice.us,Downtown,http://www.asianspice.us/menu_th_happy_hour.html
2789,Georgetown Piano Bar,http://www.georgetownpianobar.com,Georgetown,http://www.georgetownpianobar.com/happyhourspecials/
2736,Burger Tap & Shake,http://www.burgertapshake.com/burgertap.html,Foggy Bottom,http://www.burgertapshake.com/menus.html
2357,Pop's SeaBar,http://www.popsseabar.com,Adams Morgan,http://www.popsseabar.com/#!summer-2016-specials-and-events/c24dg
2624,Ankara,http://www.ankaradc.net,Dupont Circle,http://www.ankaradc.net/menu/
2468,Carving Room Kitchen & Bar,http://www.carvingroom.com,Downtown,http://carvingroom.com/happy-hour/
2909,Slipstream,http://www.slipstreamdc.com,Logan Circle,http://slipstreamdc.com/our-menu/
2416,Capitol Lounge,http://www.capitolloungedc.com,Capitol Hill,http://www.capitolloungedc.com/menu/
2810,Paolo's Ristorante,http://www.paolosristorante.com,Georgetown,http://paolosristorante.com/happy-hour/
2834,The Argonaut,http://www.argonautdc.com,H Street,http://argonautdc.com/specials/daily-deals/
2539,Acadiana,http://www.acadianarestaurant.com/acadiana.html,Shaw,https://www.google.com.eg/url?sa=t&rct=j&q=&esrc=s&source=web&cd=1&cad=rja&uact=8&ved=0ahUKEwi30KPMirzOAhXEPBoKHcmVC3EQFggbMAA&url=http%3A%2F%2Fwww.acadianarestaurant.com%2Fdownloads%2Fclientuploads%2Facadiana-menu_83_3216406366.pdf&usg=AFQjCNFB2YUnWU6EGKkptUIjpN1WaClCyg&sig2=AJViSPjRkEo1O35I5ysKag
2513,St. Arnold's,http://www.starnoldsmusselbar.com/#,Dupont Circle,http://starnoldsmusselbar.com/happy-hour/
3100,Dunya Restaurant and Bar,http://www.dunyadc.com,Columbia Heights,http://www.dunyadc.com/#drink
2383,The Pub & The People,http://www.thepubandthepeople.com,East DC,http://www.thepubandthepeople.com/dinner-menu.pdf
3106,Kapnos,http://www.kapnosdc.com,U Street,http://kapnosdc.com/happy-hour/
3056,Station 4,http://www.station4dc.com,Waterfront,http://033ec7e.netsolhost.com/menu/happy-hour-baseball-specials/
2382,Old Engine 12 Restaurant,http://www.oldengine12restaurant.com/,East DC,http://www.oldengine12restaurant.com/event-spaces/
3002,Occidental,http://www.occidentaldc.com,Downtown,http://www.occidentaldc.com/menu/happy-hour1/
2372,Tono Sushi,http://www.tonosushi.com,Friendship Heights,http://tonosushi.wix.com/tonosushi#!happy-hours/c1zsz
2696,Lucky Bar,http://www.luckybardc.com,Dupont Circle,http://www.luckybardc.com/Specials
2971,Cuba Libre Restaurant & Rum Bar,http://www.cubalibrerestaurant.com/en/washington/,Downtown,http://www.cubalibrerestaurant.com/en/washington/menus/happy-hour/
2483,Lucky Strike,http://www.bowlluckystrike.com/locations/new-york/nyc/,Downtown,http://www.bowlluckystrike.com/locations/new-york/#specials
2458,Alba Osteria,http://www.albaosteriadc.com,Shaw,http://albaosteriadc.com/wp-content/uploads/2013/06/BarMenu2016.pdf
2723,Tabard Inn,http://www.tabardinn.com,Dupont Circle,http://www.tabardinn.com/#!hours/r05kc
2598,Le Bar,http://www.iciurbanbistro.com/Le-Bar,Downtown,http://www.iciurbanbistro.com/Le-Bar
2952,Bibiana Osteria & Enoteca,http://www.bibianadc.com,Downtown,http://www.bibianadc.com/dinner-menu/
3242,The Meeting Place,http://www.themeetingplacedc.net,Downtown,http://www.themeetingplacedc.net/#!happy-hour-menu/c1k9q
3066,James Mackey's Public House,http://www.mackeyspub.com,Foggy Bottom,http://www.mackeyspub.com/specialsdc.html
3250,Elephant & Castle,http://www.elephantcastle.com,Foggy Bottom,http://www.elephantcastle.com/dc_eye
2721,St. Arnold's,http://www.starnoldsdc.com/home,Dupont Circle,http://starnoldsmusselbar.com/happy-hour/
2910,Stoney's Restaurant,http://www.stoneys-dc.com/,Logan Circle,http://www.stoneys-dc.com/menu/happyhour/
2615,Science Club,http://www.scienceclubdc.com,Foggy Bottom,http://www.scienceclubdc.com/#menu
2652,Dirty Martini,http://www.dirtymartinidc.com,Dupont Circle,http://www.dirtymartinidc.com/#venue-hours-of-operation
3203,1831 Bar and Lounge,http://www.1831dc.com/,Dupont Circle,http://www.1831dc.com/happy-hour
2719,Sign of the Whale,http://www.calicojacksnyc.com,Dupont Circle,http://www.calicojacksnyc.com/specials/happy-hour
3201,Cities Restaurant & Lounge,http://www.citieswashington.com,Foggy Bottom,http://www.citiesdc.com/bar-menu.html
2379,Boundary Stone Public House,http://www.boundarystonedc.com,East DC,http://boundarystonedc.com/wp-content/uploads/2016/05/unnamed-300x281.jpg
2502,Cactus Cantina,http://www.cactuscantina.com,Friendship Heights,http://www.cactuscantina.com/2014/04/join-our-happy-hour.html
2885,Baan Thai / Tsunami Sushi,http://www.baanthaidc.com,Logan Circle,http://www.baanthaidc.com/private-parties-and-events
2443,Thunder Grill,http://www.arkrestaurants.com/thunder_grill.html,Capitol Hill,http://arkrestaurants.com/thundergrill/#news-events
2921,Due South,http://www.duesouthdc.com/about/,Waterfront,http://duesouthdc.com/menu/
3104,El Centro D.F.,http://www.elcentrodf.com,U Street,http://www.richardsandoval.com/elcentrodf/uploads/menus/elcentrodf-happy-hour.pdf
2514,The Airedale,http://www.airedaledc.com,Columbia Heights,http://www.airedaledc.com/menu-marquee/
3043,Banana Cafe and Piano Bar,http://www.bananacafedc.com,Capitol Hill,http://www.bananacafedc.com/about.shtml
2756,Chad's,http://www.dcchadwicks.com,North DC,http://chadsdc.com/specials.html
3050,Trusty's,http://www.trustysdc.com,Capitol Hill,http://www.trustysdc.com/specials.htm
2380,El Camino,http://www.elcaminodc.com/,East DC,http://www.elcaminodc.com/contact
2459,Bar 7,http://bar7dc.com/,Shaw,http://bar7dc.com/happy-hour-menu/
2844,Driftwood Kitchen,http://www.driftwooddc.com,H Street,http://www.driftwooddc.com/our-menu.html
2782,El Centro D.F.,http://www.richardsandoval.com/elcentrogtown/,Georgetown,http://www.richardsandoval.com/elcentrogtown/uploads/menus/elcentrogtown-happy-hour.pdf
2371,Southern Hospitality,http://www.sohodc.com,Adams Morgan,http://www.sohodc.com/#happy-hour-section
2535,Zeba,http://www.zebabar.com,Columbia Heights,http://www.zebabar.com/#specials
2531,Maple,http://www.dc-maple.com,Columbia Heights,http://www.dc-maple.com/events/
2836,Biergarten Haus,http://www.biergartenhaus.com,H Street,https://drive.google.com/file/d/0B7Xq_nfzH0WZa01ja3NXelZneW8/view?pref=2&pli=1
2682,James Hoban's Irish Restaurant & Bar,http://www.jameshobansdc.com,Dupont Circle,http://jameshobansdc.com/happy-hour/
2435,Stanton & Greene,http://www.stantonandgreene.com,Capitol Hill,http://www.stantonandgreene.com/#Location
2552,Cafe Soleil,http://www.cafesoleildc.com,Foggy Bottom,http://www.cafesoleildc.com/happy-hour/
2722,STK,http://www.togrp.com/washington-dc/,Dupont Circle,http://togrp.com/asellina-nyc-happy-hour/
2453,Satellite Room,http://www.satellitedc.com,Columbia Heights,http://satellitedc.com/events/
2684,Pizzeria Paradiso,http://www.eatyourpizza.com,Dupont Circle,http://www.eatyourpizza.com/happy-hour/
2575,Equinox,http://www.equinoxrestaurant.com,Downtown,http://www.equinoxrestaurant.com/happy-hour
3241,The Tavern at the Henley Park,http://www.henleypark.com,Shaw,http://www.henleypark.com/resourcefiles/pdf/Happy-Hour-Menu-12-4-2015.pdf
3158,Bar Civita,http://www.barcivita.com,Friendship Heights,http://www.barcivita.com/uploads/4/4/6/0/44609939/summerhhmenu16.pdf
3251,The Brixton,http://www.brixtondc.com,U Street,http://brixtondc.com/#/menu
2990,Pinea,http://www.pineadc.com,Downtown,http://www.pineadc.com/#about-marquee
2523,Pete's New Haven Style Apizza,http://www.petesapizza.com,Columbia Heights,http://petesapizza.com/stores/clarendon/
2796,J. Paul's,http://www.jpaulsdc.com,Georgetown,http://jpaulsdc.com/wp-content/uploads/2014/09/Happy-Hour-05-18-2016-Drinks-Book.pdf
2641,Cafe Citron,http://www.cafecitrondc.com,Dupont Circle,http://www.cafecitrondc.com/happy-hour-2/
3103,JoJo Restaurant & Bar,http://www.jojodc.com,U Street,http://jojodc.com/whats-hot/eventsnews/come-join-us-new-late-night-happy-hour/
2640,Buffalo Billiards,http://www.buffalobilliards.com,Dupont Circle,http://www.buffalobilliardsdc.com/happy-hour/
3111,Provision No. 14,http://www.provisiondc.com,U Street,http://provisiondc.com/food-drink/#happy-hour
2390,Brookland Pint,http://www.brooklandpint.com,East DC,http://brooklandpint.com/weekly-specials/
3007,Penn Social,http://www.pennsocialdc.com,Downtown,http://www.pennsocialdc.com/?project=no-static-party-w-dj-trayze
2367,Rumba Cafe,http://www.rumbacafe.com,Adams Morgan,http://www.rumbacafe.com/happy-hour.html
2741,District Commons,http://www.districtcommonsdc.com,Foggy Bottom,http://www.acadianarestaurant.com/downloads/clientuploads/acadiana-menu_366_3216406366.pdf
3084,Duffy's Irish Pub,http://www.dcduffys.com,U Street,http://www.dcduffys.com/Happy-Hour.html
2806,Mr. Smith's of Georgetown,http://www.mrsmiths.com,Georgetown,http://mrsmiths.com/special-events/
3127,Red Lounge Bar & Grill,http://www.redloungedc.com,U Street,http://redloungedc.com/menu/happyhourmenu/
3118,Masa 14,http://www.masa14.com,U Street,http://www.richardsandoval.com/masa14/
2511,Nanny O'Brien's Irish Pub,http://www.nannyobriens.com/,Friendship Heights,http://nannyobriens.com/events/
2757,Maggiano's Little Italy,http://www.maggianos.com/locations/,North DC,http://www.maggianos.com/images/uploads/pdfs/GenericP1.pdf
2678,Hank's Oyster Bar,http://www.hanksoysterbar.com,Dupont Circle,http://hanksoysterbar.com/wp-content/uploads/HOTH-HH-6.8.16.pdf?50284f
2612,Recessions,http://www.recessionsdc.com,Foggy Bottom,http://www.recessionsdc.com/#!events/c169b
3098,Dino's Grotto,http://www.dinoinshaw.com,U Street,http://dinoinshaw.com/
2495,Rocket Bar,http://www.rocketbardc.com,Downtown,http://rocketbardc.com/
2776,Fiola Mare,http://www.fiolamaredc.com,Georgetown,http://www.fiolamaredc.com/bar/
2366,Roofers Union,http://www.roofersuniondc.com,Adams Morgan,http://roofersuniondc.com/#info
2401,201 Bar,http://www.201bar.com,Capitol Hill,http://www.201bar.com/home/bar/
3144,Al Dente,http://www.aldentedc.com,West DC,http://www.aldentedc.com/wp-content/uploads/2016/08/AlDente_Happy_Hour_Aug16.pdf
3132,Tico DC,http://www.ticodc.com,U Street,http://www.ticodc.com/#!contact/c1d94
2529,Lou's City Bar,http://www.louscitybar.com/,Columbia Heights,https://www.facebook.com/louscitybar/about/?section=hours&tab=page_info
2863,Vendetta,http://www.vendettadc.com,H Street,http://www.vendettadc.com/specials-events/
3252,Bourbon,http://www.bourbondc.com,Adams Morgan,http://static1.squarespace.com/static/5282715de4b0c0e9b15a5854/t/57a0ed53f7e0abd452edcff0/1470164309728/Bourbon+Beer%3ACocktails.pdf
3096,Desperados,http://desperadosburger.com/,U Street,http://desperadosburger.com/
3164,LiLLiES Restaurant & Bar,http://www.lilliesrestaurant.com,Friendship Heights,http://www.lilliesrestaurant.com/drinks/
2691,The Riggsby,http://www.theriggsby.com,Dupont Circle,http://www.theriggsby.com/#!cocktail-party-happy-hour/c1br8
2546,The Black Rooster,http://www.blackroosterpub.com,Foggy Bottom,http://www.blackroosterpub.com/
2705,Mission,http://www.missiondupont.com/,Dupont Circle,http://missiondupont.com/
2795,Il Canale,http://www.ilcanaledc.com,Georgetown,http://www.ilcanaledc.com/#/happyhour
2837,Boundary Road Restaurant,http://www.boundaryrd.com,H Street,
2839,Cusbah,http://www.cusbah.com,H Street,http://cusbah.com/home
3133,Vinoteca Wine Bar & Bistro,http://www.vinotecadc.com,U Street,http://www.vinotecadc.com/
2813,Ri Ra,http://www.rira.com/georgetown,Georgetown,http://www.rira.com/georgetown/drink/
2373,Town Tavern,http://www.towntaverndc.com,Adams Morgan,http://www.towntaverndc.com/
3129,Sudhouse,http://www.sudhousedc.com,U Street,http://www.sudhousedc.com/?page_id=150
3027,Chaplin,http://www.chaplinrestaurantdc.com,Shaw,http://chaplinrestaurantdc.com/
2968,Central Michel Richard,http://www.centralmichelrichard.com,Downtown,http://www.centralmichelrichard.com/menu
2726,Topaz Bar,https://www.kimptonhotels.com/boutique-hotels-in-dc-metro-area,Dupont Circle,https://www.kimptonhotels.com/dine/bar-rouge-washington-dc
2805,Mate,http://www.matedc.com,Georgetown,http://www.matedc.com/happy_hour_menu
2905,Number Nine,http://www.numberninedc.com,Logan Circle,http://www.numberninedc.com/
2899,Ghibellina,http://www.ghibellina.com,Logan Circle,http://ghibellina.com/site/wp-content/uploads/2016/05/GHIB_HH_FOR_WEB.pdf
2629,Bar Dupont,http://www.doylecollection.com/locations/washington_dc_hotels/the_dupont_hotel.aspx,Dupont Circle,https://www.doylecollection.com/var/doyle/storage/original/application/31f2c5a5f41ca7ad9b43769a47820e91.pdf
2368,Smoke & Barrel,http://www.smokeandbarreldc.com,Adams Morgan,https://twitter.com/BeerBBQBourbon?ref_src=twsrc%5Etfw
2977,District Chophouse & Brewery,http://www.districtchophouse.com,Downtown,http://www.districtchophouse.com/menus/22/DC_CH_HHMenu122014.pdf
2376,Uniontown Bar and Grill,http://www.uniontowndc.com/,East of The River,http://www.uniontowndc.com/contact/
2729,Senart's Oyster & Chop House,http://www.senartsdc.com,Capitol Hill,http://www.senartsdc.com/
2993,Laughing Man Tavern,http://www.laughingmantavern.com,Downtown,http://www.laughingmantavern.com/
2733,Bayou,http://www.bayouonpenn.com,West DC,http://www.bayouonpenn.com/
2386,Rustik Tavern,http://www.rustikdc.com,East DC,http://www.rustikdc.com/
2745,GCDC,http://www.grilledcheesedc.com,Foggy Bottom,http://grilledcheesedc.com/specials/
2706,Teddy & The Bully Bar,http://www.teddyandthebullybar.com,Dupont Circle,http://teddyandthebullybar.com/bar/
2808,Old Glory,http://www.oldglorybbq.com,Georgetown,http://www.oldglorybbq.com/menus/glory-hour
2943,DC Reynolds,http://www.dcreynoldsbar.com/,Columbia Heights,http://www.dchappyhours.com/bussinfo.phtml?buss=570
2637,The Board Room,http://www.boardroomdc.com,Dupont Circle,http://boardroomdc.com/parties-and-groups-faq/
2749,Tonic Restaurant,http://www.tonicrestaurantdc.com,Foggy Bottom,http://tonicrestaurantdc.com/foods/specials/
2433,Lavagna,http://www.lavagnadc.com,Capitol Hill,http://www.lavagnadc.com/
3040,Shaw's Tavern,http://www.shawstavern.com,Shaw,http://www.shawstavern.com/contact/
2865,The Big Board,http://www.thebigboarddc.com,H Street,http://www.thebigboarddc.com/
2668,Gazuza Lounge,http://www.gazuzadc.com/,Dupont Circle,http://www.gazuzadc.com/
2360,Madam's Organ Blues Bar,http://www.madamsorgan.com,Adams Morgan,http://www.madamsorgan.com/index.html
2855,Smith Commons,http://www.smithcommonsdc.com,H Street,http://www.smithcommonsdc.com/index.php/events
2738,Circle Bistro,http://www.thecirclehotel.com/eat-drink-lounge/circle-bistro,Foggy Bottom,http://www.thecirclehotel.com/food-drinks/circle-bistro.aspx
2549,Bottom Line,http://www.thebottomlinedc.com,Foggy Bottom,http://thebottomlinedc.com/beer-menu/
2714,Russia House Restaurant & Lounge,http://www.russiahouselounge.com,Friendship Heights,http://www.russiahouselounge.com/