3061,comments@guaposrestaurant.com
2408,info@bearnaiserestaurant.com
2380,tony@elcaminodc.com
2781,hashi.gt@gmail.com
2480,latasca@latascausa.com
2623,aleroumanagement@gmail.com
3015,chezbilly.hr@gmail.com
3020,slashrundc@gmail.com
2831,management@sprigandsproutdc.com
2924,info@mysite.com
2433,info@lavagnadc.com
3018,info@dcpitch.com
2538,sales@hamiltonhoteldc.com
2713,lowdown@rebelliondc.com
3112,mikewalkerpure@gmail.com
3103,info@jojodc.com
2741,darnell@passionfoodhospitality.com
2863,pronto@vendettadc.com
2375,scott@ventnorsportscafe.com
3143,ryan@rroysters.com
2813,rirageorgetown@rira.com
3077,reservations@bensnextdoor.com
2550,info@brasseriebeck.com
2858,reservations@ocopa.kitchen
2491,info@passionfoodhospitality.com
2851,caddy@thehstreetcountryclub.com
2821,adam@arcuridc.com
2716,events@saufhausdc.com
2666,frontpageevent@gmail.com
2650,eat@dgsdelicatessen.com
2943,info@marketbars.com
2634,bighuntparties@gmail.com
2606,nooshicapitalhill@yahoo.com
3233,jkingsbury@fadoirishpub.com
2362,info@mezedc.com
2842,dcharvest.hstreet@gmail.com
2341,info@doenerbistro.com
2914,purplepatchrestaurant@gmail.com
3060,info@breadandsalt.com
2808,ogl@capitalrestaurants.com
2665,info@maithai.com
2542,info45@bobbyvans.com
3104,info@richardsandoval.com
3118,dcevents@richardsandoval.com
2760,info@lechatnoirrestaurant.com
